{
  "run_name": "unet_attention",
  "arch": "attention",
  "encoder": "resnet34",
  "device": "cpu",
  "epochs_ran": 2,
  "best_epoch": 2,
  "best_val_dice": 0.9588161438416297,
  "test_metrics": {
    "dice": 0.9645898031316485,
    "iou": 0.9316016068309556,
    "pixel_acc": 0.9942062377929688,
    "hausdorff": 113.31661144979854
  },
  "params_million": 31.39
}