{
  "run_name": "unet_resnet34",
  "arch": "unet",
  "encoder": "resnet34",
  "device": "cpu",
  "epochs_ran": 2,
  "best_epoch": 2,
  "best_val_dice": 0.2510543373039162,
  "test_metrics": {
    "dice": 0.22490787319306121,
    "iou": 0.12670208480830428,
    "pixel_acc": 0.5340983072916666,
    "hausdorff": 218.52679612474458
  },
  "params_million": 24.44
}