{
  "run_name": "unet_baseline",
  "arch": "baseline",
  "encoder": "resnet34",
  "device": "cpu",
  "epochs_ran": 2,
  "best_epoch": 2,
  "best_val_dice": 0.774396453603532,
  "test_metrics": {
    "dice": 0.8421936748254577,
    "iou": 0.7274046241704444,
    "pixel_acc": 0.9813652038574219,
    "hausdorff": 111.27160744834156
  },
  "params_million": 31.04
}